Id;FullName;RoomId;Passport;CheckIn;CheckOut
1;Петров А.В.;11;1 234 567 890;01.10.2023;04.10.2023
2;Зубенко М.П.;11;1 234 567 891;02.10.2023;05.10.2023
3;Сидоров З.Л.;12;1 234 567 892;03.10.2023;06.10.2023
4;Веселов Д.И.;21;1 234 567 893;01.10.2023;08.10.2023
5;Иванов Г.Г.;22;1 234 567 894;02.10.2023;07.10.2023
6;Павлов А.М.;22;1 234 567 895;03.10.2023;09.10.2023
7;Рыжков В.А.;31;1 234 567 896;05.10.2023;10.10.2023
8;Расков В.П.;41;1 234 567 897;01.10.2023;03.10.2023
9;Нечав П.Л.;51;1 234 567 898;04.10.2023;09.10.2023
10;Зубенков М.В.;61;1 234 567 899;02.10.2023;06.10.2023
11;Михалев Н.С.;61;1 234 567 900;03.10.2023;07.10.2023
12;Устин П.Н.;81;1 234 567 901;01.10.2023;12.10.2023
